400,1,161606493,-73.860033,40.68171,20130921
400,1,161606492,-73.860033,40.68171,20130921
600,0,161633224,-73.9085,40.8298,20130921
600,1,161663047,-73.900214,40.737604,20130921
650,0,161670734,-74.0813487,40.7209076,20130921
700,1,161615541,-74.075892,40.714299,20130921
700,1,161479095,-74.0862483,40.7212643,20130921
700,1,161381089,-74.097453,40.703186,20130921
750,1,161645591,-74.089831,40.7181799,20130921
750,1,161632073,-74.0504025,40.7346173,20130921
750,1,161619652,-74.1017,40.6856,20130921
750,1,161605338,-74.045286,40.7409513,20130921
775,1,161368501,-74.1061445,40.6888988,20130921
800,1,161588092,-74.0717369,40.7295467,20130921
825,1,161579615,-74.0675094,40.7185954,20130921
850,0,161525300,-74.0883904,40.8354936,20130921
850,0,161456950,-74.038686,40.759652,20130921
850,0,161371111,-74.0377316,40.759509,20130921
850,1,161687275,-74.1129,40.6734,20130921
850,1,161645607,-74.0815727,40.7163494,20130921
850,1,161551907,-74.077634,40.71855,20130921
850,1,161546427,-74.0827,40.699,20130921
850,1,161511231,-74.0817767,40.6989336,20130921
850,1,161366570,-74.0697543,40.7317965,20130921
850,1,161364185,-74.0966192,40.8329772,20130921
875,0,161671171,-74.003612,40.787809,20130921
875,0,161607725,-74.0357192,40.7644798,20130921
875,0,161519977,-74.035988,40.7647066,20130921
875,0,161442205,-74.038609,40.7598429,20130921
875,0,161370870,-74.0346721,40.764201,20130921
875,1,161641517,-74.051967,40.738735,20130921
875,1,161569811,-74.0772259,40.7335303,20130921
875,1,161562700,-74.0947195,40.6918436,20130921
875,1,161546797,-74.039954,40.758057,20130921
875,1,161497202,-74.0401431,40.7582281,20130921
875,1,161456941,-74.079449,40.701258,20130921
875,1,161452142,-74.0329283,40.7849682,20130921
875,1,161446576,-74.0937418,40.6907694,20130921
900,0,161640788,-73.9846775,40.8238651,20130921
900,0,161585260,-74.0299368,40.7711848,20130921
900,0,161543371,-74.030769,40.771327,20130921
900,0,161506799,-74.0175823,40.8511242,20130921
900,0,161391669,-74.0060077,40.804089,20130921
900,1,161692110,-74.0136509,40.7859276,20130921
900,1,161670775,-74.0911172,40.6922551,20130921
900,1,161664772,-73.947,40.8345,20130921
900,1,161638096,-73.9773515,40.8553301,20130921
900,1,161607989,-74.08466,40.710958,20130921
900,1,161591121,-74.013664,40.7862189,20130921
900,1,161591120,-74.013664,40.7862189,20130921
900,1,161582784,-73.9813696,40.8271295,20130921
900,1,161563324,-74.035304,40.77939,20130921
900,1,161521234,-74.0266686,40.7793433,20130921
900,1,161515133,-74.0241596,40.7697023,20130921
900,1,161425608,-74.050248,40.7429055,20130921
900,1,161424731,-74.049441,40.722715,20130921
900,1,161362903,-74.087383,40.71931,20130921
925,0,161625792,-74.05179,40.734438,20130921
925,1,161638950,-74.052662,40.750006,20130921
925,1,161638949,-74.052662,40.750006,20130921
925,1,161605838,-74.0094752,40.7971195,20130921
925,1,161551991,-74.05179,40.734438,20130921
950,0,161503368,-74.0403979,40.7605502,20130921
950,0,161370951,-74.0159667,40.7829758,20130921
950,0,161370871,-74.013908,40.7859515,20130921
950,1,161634323,-74.0621,40.7126,20130921
950,1,161633066,-73.8830959,40.8483019,20130921
950,1,161586866,-74.013908,40.7859515,20130921
950,1,161581186,-74.0362133,40.778824,20130921
950,1,161513079,-74.018276,40.782219,20130921
950,1,161403676,-74.045684,40.7562349,20130921
950,1,161385801,-74.030858,40.765606,20130921
950,1,161370802,-74.0489291,40.7466295,20130921
975,1,161586983,-73.911503,40.8405964,20130921
975,1,161451527,-74.0082849,40.7897275,20130921
975,1,161443584,-74.0909014,40.7030691,20130921
975,1,161429280,-74.008773,40.7893437,20130921
1000,0,161644125,-74.0352744,40.7581888,20130921
1000,0,161597040,-73.9606,40.7698,20130921
1000,0,161591033,-73.9028176,40.7064204,20130921
1000,0,161493399,-73.9859,40.7335,20130921
1000,0,161251975,-73.9576,40.6566,20130921
1000,1,161661962,-73.858617,40.849687,20130921
1000,1,161645670,-74.0347941,40.7694612,20130921
1000,1,161641314,-74.079277,40.721255,20130921
1000,1,161612179,-74.032578,40.727155,20130921
1000,1,161590498,-74.0123007,40.7888499,20130921
1000,1,161573018,-74.0522864,40.7403358,20130921
1000,1,161551873,-74.066123,40.719008,20130921
1000,1,161545433,-74.1066526,40.6883068,20130921
1000,1,161518517,-74.0168709,40.7747598,20130921
1000,1,161462727,-74.031295,40.7694067,20130921
1000,1,161290198,-74.0416,40.7538,20130921
1025,1,161663042,-73.911374,40.68098,20130921
1025,1,161502394,-74.033815,40.7626,20130921
1050,0,161671214,-73.9550588,40.6185637,20130921
1050,0,161641274,-73.9169,40.657,20130921
1050,0,161366562,-74.0477295,40.7451365,20130921
1050,1,161671722,-74.074221,40.720308,20130921
1050,1,161671424,-74.0082945,40.8082281,20130921
1050,1,161651550,-74.0183616,40.7829824,20130921
1050,1,161619680,-74.0750848,40.7229802,20130921
1050,1,161585032,-74.0659713,40.7197889,20130921
1050,1,161584804,-74.018451,40.782033,20130921
1050,1,161571893,-74.0314331,40.784955,20130921
1050,1,161551969,-74.073694,40.722072,20130921
1050,1,161513309,-74.0170397,40.793003,20130921
1050,1,161512701,-73.9777108,40.8239907,20130921
1050,1,161496006,-74.0184579,40.7825348,20130921
1050,1,161488019,-74.0082129,40.8083761,20130921
1050,1,161488018,-74.0082129,40.8083761,20130921
1050,1,161487825,-74.0189288,40.7819431,20130921
1050,1,161424164,-74.0761371,40.8557939,20130921
1075,1,161393010,-73.9756063,40.8274646,20130921
1100,0,161670847,-73.9404987,40.6806319,20130921
1100,0,161627386,-73.950155,40.683269,20130921
1100,0,161611778,-73.9414722,40.8185215,20130921
1100,0,161575965,-74.019052,40.77145,20130921
1100,0,161338573,-73.9367,40.6693,20130921
1100,1,161679938,-73.9836386,40.7497295,20130921
1100,1,161674142,-73.9839097,40.7438883,20130921
1100,1,161662003,-74.1068641,40.6880354,20130921
1100,1,161645463,-73.9448782,40.6341786,20130921
1100,1,161638252,-74.0437958,40.7499998,20130921
1100,1,161619661,-74.0602,40.7452,20130921
1100,1,161609047,-74.024313,40.77227,20130921
1100,1,161607126,-74.0437536,40.7499678,20130921
1100,1,161568566,-74.016101,40.781664,20130921
1100,1,161566995,-73.898521,40.8176818,20130921
1100,1,161561525,-73.9193307,40.6657814,20130921
1100,1,161556866,-73.8577965,40.815522,20130921
1100,1,161551904,-74.0735753,40.7214978,20130921
1100,1,161545641,-73.9897591,40.8318821,20130921
1100,1,161538644,-74.0243512,40.7730746,20130921
1100,1,161529542,-74.0175823,40.8511242,20130921
1100,1,161515020,-74.070282,40.728167,20130921
1100,1,161510529,-74.050269,40.735268,20130921
1100,1,161487842,-74.0760675,40.7215274,20130921
1100,1,161456953,-74.0223307,40.7715801,20130921
1100,1,161456568,-73.9921358,40.8199184,20130921
1100,1,161414481,-74.0620321,40.8012818,20130921
1100,1,161399822,-74.051062,40.733338,20130921
1100,1,161385706,-74.0520151,40.7421809,20130921
1100,1,161378260,-74.0171189,40.789645,20130921
1100,1,161366235,-74.03724,40.7680168,20130921
1100,1,161299678,-73.8884,40.6371,20130921
1100,1,161251971,-73.9578,40.6522,20130921
1125,1,161368935,-74.064245,40.727921,20130921
1150,0,161636267,-73.949585,40.679636,20130921
1150,1,161642474,-74.017019,40.783695,20130921
1150,1,161637089,-73.866667,40.85,20130921
1150,1,161619002,-74.057872,40.734237,20130921
1150,1,161589414,-74.0400328,40.7688262,20130921
1150,1,161551990,-74.067977,40.719372,20130921
1150,1,161538383,-74.0716641,40.7244954,20130921
1150,1,161515511,-74.074562,40.721456,20130921
1150,1,161488015,-74.0404937,40.7687125,20130921
1150,1,161477224,-74.0364378,40.7789238,20130921
1150,1,161406007,-74.01773,40.7844291,20130921
1150,1,161399029,-74.007017,40.794915,20130921
1150,1,161396678,-74.0524676,40.7357276,20130921
1150,1,161369952,-74.0615907,40.7279906,20130921
1150,1,161366234,-74.0100291,40.7858843,20130921
1150,1,161251974,-73.951,40.6623,20130921
1175,0,161625737,-73.9386043,40.6779342,20130921
1175,0,161546437,-73.8699,40.6879,20130921
1175,1,161645667,-74.003998,40.8100005,20130921
1175,1,161553813,-73.9833298,40.832562,20130921
1200,0,161612626,-73.9593587,40.6529173,20130921
1200,0,161577507,-73.959629,40.771072,20130921
1200,0,161286193,-73.9463,40.8208,20130921
1200,1,161671434,-74.0297763,40.7760785,20130921
1200,1,161664880,-74.079151,40.6433373,20130921
1200,1,161661932,-74.0321777,40.7714151,20130921
1200,1,161645643,-74.0342632,40.7640636,20130921
1200,1,161643229,-74.0717449,40.621459,20130921
1200,1,161634186,-73.8609142,40.8346148,20130921
1200,1,161606528,-74.06358,40.73659,20130921
1200,1,161599731,-73.9257626,40.6602822,20130921
1200,1,161593981,-74.0226415,40.6294895,20130921
1200,1,161589169,-74.035614,40.7581,20130921
1200,1,161589168,-74.035614,40.7581,20130921
1200,1,161584096,-74.0337264,40.7721693,20130921
1200,1,161581644,-73.8916202,40.6667287,20130921
1200,1,161566690,-74.071961,40.734345,20130921
1200,1,161557426,-74.0776417,40.7281575,20130921
1200,1,161536814,-74.0037,40.8076,20130921
1200,1,161523384,-74.0165517,40.8532046,20130921
1200,1,161514454,-74.037343,40.768065,20130921
1200,1,161446592,-74.0556474,40.7303383,20130921
1200,1,161400191,-74.0505752,40.7473758,20130921
1200,1,161371041,-74.0171179,40.7841756,20130921
1200,1,161286041,-73.9907,40.6718,20130921
1225,1,161639966,-74.0171467,40.7841938,20130921
1225,1,161585616,-74.023125,40.7812612,20130921
1225,1,161497200,-74.0175171,40.7836964,20130921
1225,1,161458721,-74.0242828,40.779779,20130921
1225,1,161384001,-74.0223873,40.7809209,20130921
1250,0,161614011,-73.8624893,40.7255722,20130921
1250,0,161286201,-73.9412,40.8103,20130921
1250,1,161664260,-74.0065314,40.7889874,20130921
1250,1,161645679,-74.0324909,40.7714068,20130921
1250,1,161638084,-73.9751117,40.8266689,20130921
1250,1,161612547,-73.9428331,40.6628445,20130921
1250,1,161555552,-74.023886,40.780692,20130921
1250,1,161487471,-74.0563458,40.7447317,20130921
1250,1,161470035,-74.050583,40.737931,20130921
1250,1,161449908,-73.9244,40.6611,20130921
1250,1,161377506,-74.0747559,40.7212,20130921
1250,1,161338580,-73.9243,40.6609,20130921
1250,1,161338577,-73.9255,40.6513,20130921
1275,0,161286203,-73.9533,40.8132,20130921
1275,1,161641278,-73.9173,40.6576,20130921
1275,1,161523805,-74.0760599,40.7215421,20130921
1275,1,161441479,-73.8729,40.7538,20130921
1300,0,161692476,-73.8593,40.7318,20130921
1300,0,161651532,-74.0455583,40.7194733,20130921
1300,0,161638104,-73.892005,40.745108,20130921
1300,0,161630849,-73.961587,40.6363654,20130921
1300,0,161590885,-73.9135829,40.7815789,20130921
1300,1,161673328,-73.9428514,40.6511011,20130921
1300,1,161641250,-73.9419,40.6508,20130921
1300,1,161619660,-74.071,40.7254,20130921
1300,1,161619659,-74.0138,40.6417,20130921
1300,1,161608882,-73.868742,40.723231,20130921
1300,1,161596836,-73.8899,40.6736,20130921
1300,1,161588403,-73.9921413,40.6660975,20130921
1300,1,161573811,-73.972269,40.8445536,20130921
1300,1,161501795,-73.8797,40.7595,20130921
1300,1,161458695,-74.035358,40.7627219,20130921
1300,1,161417136,-74.0163455,40.7759938,20130921
1300,1,161407581,-74.0602781,40.7131646,20130921
1300,1,161334151,-73.9046,40.8517,20130921
1300,1,161251976,-73.954,40.6645,20130921
1325,1,161675310,-74.0363073,40.6176934,20130921
1325,1,161424318,-74.071904,40.724174,20130921
1325,1,161387993,-74.0098565,40.7989423,20130921
1350,0,161641927,-73.9197965,40.7593565,20130921
1350,0,161590687,-73.938534,40.843975,20130921
1350,1,161670453,-73.9595035,40.6253842,20130921
1350,1,161632499,-73.9568492,40.6386461,20130921
1350,1,161595161,-73.9414442,40.8475772,20130921
1350,1,161554478,-73.974232,40.850087,20130921
1350,1,161466484,-74.053908,40.7559454,20130921
1350,1,161446111,-74.0081,40.6438,20130921
1350,1,161388033,-74.0036332,40.8090499,20130921
1350,1,161336286,-73.8747,40.704,20130921
1375,1,161670032,-74.0040318,40.8069689,20130921
1375,1,161454135,-74.0044027,40.8063943,20130921
1400,0,161436007,-73.9856,40.6677,20130921
1400,0,161304716,-73.9233,40.7675,20130921
1400,1,161696742,-74.0806855,40.7217681,20130921
1400,1,161693506,-73.9191,40.7548,20130921
1400,1,161641897,-73.9499488,40.6541391,20130921
1400,1,161639264,-73.9507439,40.6615613,20130921
1400,1,161635706,-73.9353034,40.6842296,20130921
1400,1,161627041,-73.9200275,40.8079042,20130921
1400,1,161626956,-73.961587,40.6363654,20130921
1400,1,161607382,-73.9618845,40.6548636,20130921
1400,1,161563399,-74.0436968,40.7260544,20130921
1400,1,161436485,-74.021123,40.768849,20130921
1400,1,161353070,-74.1024516,40.8247895,20130921
1400,1,161286234,-74.0506,40.7226,20130921
1400,1,161286231,-73.92,40.7372,20130921
1425,1,161357403,-73.9711406,40.8461213,20130921
1450,0,161559077,-73.9444646,40.6749009,20130921
1450,0,161384115,-74.0414227,40.719019,20130921
1450,1,161696732,-74.0136664,40.8009441,20130921
1450,1,161639345,-73.9226684,40.6826725,20130921
1450,1,161632756,-73.9604202,40.652552,20130921
1450,1,161606294,-73.916977,40.681834,20130921
1450,1,161602440,-73.9560292,40.652278,20130921
1450,1,161599361,-73.9159475,40.7426877,20130921
1450,1,161596872,-73.9958,40.8068,20130921
1450,1,161588211,-74.0293613,40.6348289,20130921
1450,1,161588210,-74.0293613,40.6348289,20130921
1450,1,161574183,-73.8963203,40.7487583,20130921
1450,1,161487281,-73.9731386,40.8344866,20130921
1450,1,161440559,-73.9055,40.7454,20130921
1450,1,161251972,-73.9577,40.6619,20130921
1475,1,161285109,-74.0137,40.7917,20130921
1500,0,161496799,-74.0672327,40.7326403,20130921
1500,0,161446015,-73.9243,40.7551,20130921
1500,1,161688671,-73.967627,40.635238,20130921
1500,1,161645528,-73.9437832,40.8153561,20130921
1500,1,161645527,-73.9437832,40.8153561,20130921
1500,1,161606679,-73.9371593,40.663755,20130921
1500,1,161603225,-73.9144079,40.7700375,20130921
1500,1,161600748,-73.9315438,40.6643454,20130921
1500,1,161585608,-73.9711905,40.6411878,20130921
1500,1,161551760,-74.0612982,40.7304267,20130921
1500,1,161551759,-74.0612982,40.7304267,20130921
1500,1,161448494,-73.989537,40.815898,20130921
1500,1,161285055,-73.9702,40.6386,20130921
1500,1,161285033,-73.9439,40.8157,20130921
1525,0,161284022,-73.9744,40.841,20130921
1550,0,161612909,-73.963845,40.797917,20130921
1550,1,161552118,-74.0350462,40.7461886,20130921
1550,1,161485498,-74.0318066,40.7439589,20130921
1550,1,161414476,-74.0387142,40.7438418,20130921
1550,1,161378546,-73.8604,40.7305,20130921
1600,0,161673487,-73.9741793,40.7539837,20130921
1600,0,161613065,-73.8966,40.7078,20130921
1600,0,161612995,-74.0432,40.7255,20130921
1600,0,161580113,-73.9475589,40.7710696,20130921
1600,0,161440541,-73.9298,40.7663,20130921
1600,1,161694927,-73.9361,40.8163,20130921
1600,1,161693491,-73.9086,40.7609,20130921
1600,1,161692449,-73.9201,40.7405,20130921
1600,1,161651437,-74.0467234,40.7285461,20130921
1600,1,161641289,-74.0086,40.6468,20130921
1600,1,161616154,-74.0200105,40.7840345,20130921
1600,1,161597183,-73.9419313,40.8178842,20130921
1600,1,161586364,-74.04462,40.721503,20130921
1600,1,161582279,-74.0295189,40.7610435,20130921
1600,1,161567937,-73.9481391,40.7896853,20130921
1600,1,161567406,-73.971402,40.6958415,20130921
1600,1,161561911,-73.9718217,40.6979269,20130921
1600,1,161540456,-73.9448,40.834,20130921
1600,1,161449946,-73.9484,40.661,20130921
1600,1,161439190,-74.0300143,40.7389393,20130921
1600,1,161429577,-74.0601588,40.7096678,20130921
1600,1,161284038,-73.9878,40.6627,20130921
1600,1,161251970,-73.9975,40.6611,20130921
1625,0,161536886,-73.9716,40.7871,20130921
1650,0,161693485,-74.0016,40.7383,20130921
1650,0,161692466,-73.9515,40.7805,20130921
1650,0,161673482,-73.9480814,40.7829684,20130921
1650,0,161570071,-73.997781,40.6911838,20130921
1650,0,161536887,-73.9534,40.7777,20130921
1650,1,161692260,-73.8838,40.7498,20130921
1650,1,161691749,-74.0105897,40.7884005,20130921
1650,1,161673690,-73.917068,40.700548,20130921
1650,1,161627558,-73.91137,40.7696086,20130921
1650,1,161614496,-73.9497563,40.8020614,20130921
1650,1,161601486,-73.9363396,40.8124207,20130921
1650,1,161403600,-74.012047,40.787331,20130921
1650,1,161378257,-74.032351,40.7453975,20130921
1650,1,161251978,-73.9599,40.671,20130921
1675,0,161585481,-73.9577548,40.8004769,20130921
1675,0,161565517,-73.9857531,40.726961,20130921
1675,1,161672298,-73.9425027,40.8371534,20130921
1700,0,161690174,-73.9211,40.7712,20130921
1700,0,161689745,-73.9508,40.7749,20130921
1700,0,161593148,-73.9846,40.7822,20130921
1700,1,161694921,-73.9353,40.8167,20130921
1700,1,161692457,-73.9218,40.7679,20130921
1700,1,161691341,-74.0474734,40.7235328,20130921
1700,1,161662168,-73.9861274,40.6614724,20130921
1700,1,161645708,-74.061055,40.737378,20130921
1700,1,161636285,-73.9597222,40.7902778,20130921
1700,1,161598171,-73.9108678,40.7607992,20130921
1700,1,161593003,-73.923,40.7446,20130921
1700,1,161546387,-73.931,40.7615,20130921
1700,1,161398191,-74.0281976,40.7660582,20130921
1725,0,161599358,-73.9507784,40.7791857,20130921
1725,1,161670834,-73.9503197,40.7798123,20130921
1725,1,161563274,-74.0981549,40.6724656,20130921
1750,0,161673861,-74.0059731,40.7143528,20130921
1750,0,161627452,-73.933246,40.697855,20130921
1750,0,161378254,-74.0305079,40.7387133,20130921
1750,0,161362802,-73.9942,40.7007,20130921
1750,1,161694909,-73.9374,40.8163,20130921
1750,1,161672898,-73.865487,40.729472,20130921
1750,1,161662484,-73.9617583,40.654073,20130921
1750,1,161652728,-74.0134834,40.705528,20130921
1750,1,161632565,-73.933246,40.697855,20130921
1750,1,161627071,-73.910805,40.707908,20130921
1750,1,161596736,-73.9782,40.7614,20130921
1750,1,161572259,-73.9274057,40.6896354,20130921
1750,1,161572258,-73.9274057,40.6896354,20130921
1750,1,161560494,-74.0234919,40.788602,20130921
1750,1,161284171,-73.9849,40.8096,20130921
1750,1,161251039,-73.916,40.7471,20130921
1800,0,161666033,-73.961,40.7756,20130921
1800,0,161602456,-73.9868078,40.6685763,20130921
1800,0,161593015,-73.9799,40.6824,20130921
1800,0,161593010,-73.952,40.7818,20130921
1800,0,161440267,-73.9325,40.7532,20130921
1800,0,161284078,-73.9824,40.7248,20130921
1800,1,161692441,-73.9192,40.7411,20130921
1800,1,161640951,-73.939068,40.81669,20130921
1800,1,161631421,-74.061808,40.73597,20130921
1800,1,161606619,-73.9487757,40.6931632,20130921
1800,1,161600551,-73.939,40.844,20130921
1800,1,161596665,-74.0290834,40.7398056,20130921
1800,1,161590070,-73.935008,40.682764,20130921
1800,1,161573973,-73.8520779,40.7257695,20130921
1800,1,161567518,-73.9764774,40.7755571,20130921
1800,1,161518742,-74.0449074,40.7161204,20130921
1800,1,161459018,-74.0323031,40.7390353,20130921
1800,1,161449958,-73.975,40.6751,20130921
1800,1,161444863,-74.0290801,40.752859,20130921
1800,1,161441706,-73.925,40.7654,20130921
1800,1,161441491,-73.9202,40.7451,20130921
1800,1,161338591,-73.9751,40.6745,20130921
1800,1,161336335,-73.9147,40.7489,20130921
1800,1,161284131,-73.9451,40.817,20130921
1800,1,161284076,-73.9801,40.6774,20130921
1825,0,161585201,-73.9899978,40.774578,20130921
1825,0,161284083,-73.928,40.8105,20130921
1825,1,161694875,-73.8565,40.7243,20130921
1825,1,161672440,-73.955076,40.684684,20130921
1825,1,161593201,-73.94977,40.6776576,20130921
1825,1,161590457,-73.9545896,40.7697508,20130921
1825,1,161577873,-73.948489,40.677329,20130921
1850,0,161696848,-73.9614,40.6654,20130921
1850,0,161664636,-73.9623,40.7739,20130921
1850,0,161593020,-73.999,40.7295,20130921
1850,0,161593019,-73.9791,40.7453,20130921
1850,0,161563038,-73.9453775,40.6650994,20130921
1850,0,161540489,-73.9945,40.7333,20130921
1850,0,161449943,-73.9615,40.6662,20130921
1850,0,161362799,-73.9787,40.6709,20130921
1850,0,161251030,-73.9882,40.7434,20130921
1850,1,161693531,-73.9112,40.7611,20130921
1850,1,161693525,-73.9235,40.766,20130921
1850,1,161640996,-73.936049,40.852679,20130921
1850,1,161640280,-73.9527275,40.6770332,20130921
1850,1,161617792,-73.923082,40.6992,20130921
1850,1,161592967,-73.9756,40.6873,20130921
1850,1,161471025,-74.0394125,40.7381327,20130921
1850,1,161417205,-74.0331203,40.7428456,20130921
1875,0,161670178,-73.9445455,40.8219051,20130921
1875,0,161645073,-74.0385971,40.7122636,20130921
1875,0,161596743,-73.9771,40.766,20130921
1875,1,161692397,-73.9919,40.6596,20130921
1875,1,161596746,-73.9633,40.7579,20130921
1875,1,161579543,-73.936896,40.7505249,20130921
1900,0,161651017,-73.9402236,40.7228587,20130921
1900,0,161610868,-73.9345041,40.7667933,20130921
1900,0,161602913,-73.955384,40.80656,20130921
1900,0,161593039,-73.954,40.7773,20130921
1900,0,161593034,-73.9786,40.778,20130921
1900,0,161540495,-73.9652,40.7634,20130921
1900,1,161651157,-74.031731,40.7375832,20130921
1900,1,161630362,-73.9743322,40.6449408,20130921
1900,1,161616516,-73.975577,40.6870884,20130921
1900,1,161610959,-73.9770808,40.689779,20130921
1900,1,161591727,-73.9475168,40.7835168,20130921
1900,1,161566273,-74.0443432,40.7218192,20130921
1900,1,161561027,-73.923833,40.699628,20130921
1900,1,161536952,-73.8766,40.8121,20130921
1900,1,161471586,-74.0302148,40.7360326,20130921
1900,1,161446122,-73.9342,40.8068,20130921
1900,1,161353032,-74.025752,40.770449,20130921
1925,0,161627814,-73.9799758,40.7391612,20130921
1925,0,161612200,-73.930253,40.705229,20130921
1925,0,161593044,-73.9715,40.7493,20130921
1925,0,161540515,-73.9509,40.7786,20130921
1925,0,161268174,-73.9652,40.7612,20130921
1925,1,161601569,-74.0635614,40.7224453,20130921
1925,1,161593047,-73.9556,40.7728,20130921
1925,1,161593045,-73.961,40.7679,20130921
1925,1,161585759,-73.9624,40.7656,20130921
1950,0,161593929,-73.9815564,40.7438725,20130921
1950,0,161585761,-73.955,40.7866,20130921
1950,0,161268179,-73.9856,40.7351,20130921
1950,0,161261760,-73.9807,40.7433,20130921
1950,1,161693518,-73.9889,40.7635,20130921
1950,1,161692273,-73.9244,40.7632,20130921
1950,1,161664679,-73.9916,40.7025,20130921
1950,1,161663097,-73.9824243,40.6827756,20130921
1950,1,161639304,-73.9918181,40.7637581,20130921
1950,1,161557379,-74.0012121,40.72915,20130921
1950,1,161382460,-74.0392381,40.7389116,20130921
1975,1,161692268,-73.9256,40.7589,20130921
1975,1,161598323,-73.9341197,40.6933574,20130921
1975,1,161592962,-73.9555332,40.772648,20130921
1975,1,161444162,-74.071258,40.6865729,20130921
1975,1,161405032,-73.9873031,40.8113057,20130921
1975,1,161313089,-74.0025,40.7259,20130921
2000,0,161675422,-73.999604,40.68613,20130921
2000,0,161666036,-73.9622,40.6864,20130921
2000,0,161664660,-73.9939,40.6993,20130921
2000,0,161636264,-74.0153734,40.7080055,20130921
2000,0,161626968,-73.954829,40.687977,20130921
2000,0,161585846,-73.9498,40.7173,20130921
2000,0,161585786,-73.9563,40.7681,20130921
2000,0,161536975,-73.9994,40.7335,20130921
2000,0,161438757,-74.005723,40.789034,20130921
2000,0,161268193,-73.9786,40.7269,20130921
2000,0,161268188,-73.9688,40.768,20130921
2000,0,161262534,-73.9657,40.8004,20130921
2000,0,161245715,-73.9986,40.7552,20130921
2000,1,161692452,-73.9312,40.7534,20130921
2000,1,161692308,-73.9247,40.7418,20130921
2000,1,161674194,-74.000973,40.790799,20130921
2000,1,161674193,-74.000973,40.790799,20130921
2000,1,161673636,-73.954326,40.709522,20130921
2000,1,161672186,-73.903374,40.77011,20130921
2000,1,161664657,-73.9946,40.6983,20130921
2000,1,161651279,-74.065203,40.7241002,20130921
2000,1,161618478,-73.9509157,40.770709,20130921
2000,1,161614308,-73.9058018,40.6941201,20130921
2000,1,161592974,-73.9856,40.6706,20130921
2000,1,161589180,-74.027263,40.7457853,20130921
2000,1,161585832,-73.9885,40.7315,20130921
2000,1,161516927,-74.001583,40.793068,20130921
2000,1,161448890,-74.0367629,40.713383,20130921
2000,1,161420004,-73.9998449,40.790073,20130921
2000,1,161404761,-74.0355366,40.74462,20130921
2000,1,161362841,-73.9798,40.6791,20130921
2000,1,161267445,-73.9623,40.7631,20130921
2025,0,161599203,-73.9844522,40.7287487,20130921
2025,1,161663283,-73.9618,40.6655,20130921
2050,0,161632650,-73.986239,40.731409,20130921
2050,1,161626181,-73.9835255,40.7300043,20130921
2050,1,161453311,-73.9655809,40.8480794,20130921
2075,0,161585849,-74.0035,40.7384,20130921
2075,1,161610541,-73.9870834,40.7225053,20130921
2075,1,161432855,-73.9534,40.7713,20130921
2100,0,161618007,-73.9831318,40.7248638,20130921
2100,0,161613576,-73.9826725,40.7451446,20130921
2100,0,161590925,-73.990369,40.763016,20130921
2100,0,161585853,-73.985,40.7793,20130921
2100,0,161567562,-73.9858384,40.717581,20130921
2100,0,161536989,-73.9972,40.7497,20130921
2100,0,161267462,-73.9731,40.7469,20130921
2100,0,161267454,-73.9679,40.7975,20130921
2100,0,161267452,-73.9796,40.7462,20130921
2100,0,161267451,-73.9585,40.7706,20130921
2100,1,161693487,-73.9227,40.7471,20130921
2100,1,161692267,-73.9183,40.7666,20130921
2100,1,161690810,-73.9663,40.6902,20130921
2100,1,161675317,-73.922104,40.708484,20130921
2100,1,161674331,-73.9940357,40.7565386,20130921
2100,1,161667650,-73.954719,40.708901,20130921
2100,1,161666039,-73.9545,40.7247,20130921
2100,1,161664648,-73.9745,40.6499,20130921
2100,1,161651283,-74.0310241,40.7450113,20130921
2100,1,161636088,-73.982275,40.658271,20130921
2100,1,161627746,-73.966,40.7908,20130921
2100,1,161594679,-73.962963,40.6735961,20130921
2100,1,161585873,-73.968,40.7583,20130921
2100,1,161585857,-74.0033,40.7077,20130921
2100,1,161582417,-73.9881305,40.7279634,20130921
2100,1,161565189,-73.982757,40.7244079,20130921
2100,1,161539164,-74.0475854,40.7153224,20130921
2100,1,161389267,-73.9797,40.6656,20130921
2100,1,161267459,-73.9569,40.7727,20130921
2100,1,161250554,-73.9244,40.7413,20130921
2150,0,161666043,-73.9898,40.7598,20130921
2150,0,161313099,-73.9508,40.7792,20130921
2150,0,161267463,-73.9846,40.7471,20130921
2150,1,161692396,-73.9247,40.7574,20130921
2150,1,161666042,-73.9829,40.742,20130921
2150,1,161596765,-73.9525,40.7682,20130921
2150,1,161446638,-74.0327239,40.7279336,20130921
2150,1,161309900,-73.9668,40.6913,20130921
2150,1,161251973,-73.9505,40.6624,20130921
2150,1,161243712,-73.9945,40.7559,20130921
2175,1,161663723,-73.999865,40.685036,20130921
2175,1,161651148,-74.0025856,40.7843751,20130921
2175,1,161585903,-73.9993,40.6856,20130921
2175,1,161544712,-73.9709,40.7954,20130921
2200,0,161693483,-73.9411,40.7437,20130921
2200,0,161633024,-73.959009,40.718636,20130921
2200,0,161614756,-74.0015593,40.7410712,20130921
2200,0,161585923,-74.001,40.7317,20130921
2200,0,161446155,-73.9705,40.7507,20130921
2200,0,161362797,-73.9807,40.6811,20130921
2200,1,161693477,-74.0007,40.6587,20130921
2200,1,161673717,-73.9316478,40.6809149,20130921
2200,1,161633205,-73.9979,40.7411,20130921
2200,1,161627781,-73.9842,40.7291,20130921
2200,1,161598326,-73.9270692,40.7648201,20130921
2200,1,161592973,-73.966,40.6833,20130921
2200,1,161592968,-73.9996,40.6575,20130921
2200,1,161591084,-73.9859207,40.7310008,20130921
2200,1,161585912,-73.9351,40.7984,20130921
2200,1,161582949,-74.0082,40.6575064,20130921
2200,1,161582028,-73.9993896,40.7300407,20130921
2200,1,161580177,-74.0314069,40.7452269,20130921
2200,1,161575814,-73.989272,40.766649,20130921
2200,1,161529497,-74.0350275,40.7214927,20130921
2200,1,161469132,-74.0415856,40.7367737,20130921
2200,1,161434207,-73.9534,40.7448,20130921
2200,1,161391731,-74.0324224,40.7477986,20130921
2200,1,161302899,-73.8513,40.732,20130921
2225,0,161692432,-74.001,40.7264,20130921
2225,1,161671911,-73.9963091,40.7219305,20130921
2225,1,161664691,-73.9776,40.7786,20130921
2225,1,161309911,-73.9908,40.7243,20130921
2250,0,161635501,-74.0026358,40.6762839,20130921
2250,0,161631056,-73.9614377,40.7113394,20130921
2250,0,161626881,-74.0033703,40.7355284,20130921
2250,0,161608720,-73.9604534,40.7101444,20130921
2250,0,161598252,-73.956176,40.7734949,20130921
2250,0,161540614,-73.9552,40.7751,20130921
2250,1,161692419,-73.9414,40.7535,20130921
2250,1,161632986,-73.9465942,40.7251557,20130921
2250,1,161615753,-73.9521231,40.8088725,20130921
2250,1,161611819,-73.926824,40.706445,20130921
2250,1,161582555,-73.9902,40.7481,20130921
2250,1,161567387,-74.005519,40.7334,20130921
2275,0,161652673,-74.0088189,40.7060008,20130921
2275,1,161671394,-73.9345041,40.7667933,20130921
2300,0,161666047,-73.9912,40.7239,20130921
2300,0,161592219,-73.9794083,40.7495592,20130921
2300,0,161493306,-73.9571,40.7431,20130921
2300,1,161635511,-73.9595303,40.7114199,20130921
2300,1,161631271,-73.9877822,40.7211972,20130921
2300,1,161627828,-73.9782,40.7765,20130921
2300,1,161618407,-73.9549428,40.777504,20130921
2300,1,161615277,-74.001306,40.729396,20130921
2300,1,161592977,-73.9355,40.6853,20130921
2325,0,161601646,-74.0079158,40.7055332,20130921
2325,0,161592982,-73.9553,40.722,20130921
2350,0,161633159,-74.005849,40.7074703,20130921
2350,0,161582566,-73.9772,40.7909,20130921
2350,0,161540636,-73.983,40.7711,20130921
2350,0,161449855,-74.0036,40.7315,20130921
2350,1,161690858,-74.0465,40.7233,20130921
2350,1,161630400,-73.9799758,40.7391612,20130921
2350,1,161611971,-74.0133419,40.707854,20130921
2350,1,161540646,-73.9842,40.7522,20130921
2350,1,161463534,-73.9443863,40.7145257,20130921
2350,1,161365934,-74.0310734,40.7276264,20130921
2375,1,161640030,-74.0348197,40.713353,20130921
2400,0,161596811,-73.9911,40.745,20130921
2400,0,161588430,-73.9971303,40.7311977,20130921
2400,0,161582604,-73.9901,40.7313,20130921
2400,0,161582584,-73.959,40.7765,20130921
2400,0,161482643,-74.0355958,40.7411825,20130921
2400,0,161441583,-74.0049,40.7233,20130921
2400,0,161313132,-74.0035,40.74,20130921
2400,1,161693499,-73.9483,40.7799,20130921
2400,1,161639046,-74.0005241,40.7299739,20130921
2400,1,161615128,-74.0397755,40.7403494,20130921
2400,1,161585675,-73.995794,40.678837,20130921
2400,1,161582595,-73.9411,40.7208,20130921
2400,1,161582593,-73.9835,40.6756,20130921
2400,1,161582591,-73.9799,40.6935,20130921
2400,1,161582575,-73.9532,40.8068,20130921
2400,1,161570334,-73.927407,40.708542,20130921
2400,1,161558829,-74.0021735,40.7297332,20130921
2400,1,161537032,-73.9671,40.7676,20130921
2400,1,161446050,-73.9806,40.7279,20130921
2400,1,161310037,-73.985,40.7295,20130921
2400,1,161286052,-73.9372,40.7531,20130921
2400,1,161245680,-73.983,40.7226,20130921
2450,0,161641158,-73.9871,40.7712,20130921
2450,0,161441649,-74.0014,40.7311,20130921
2450,1,161635506,-73.967592,40.755499,20130921
2450,1,161378250,-74.0357012,40.7473268,20130921
2475,1,161645652,-74.0250774,40.7530458,20130921
2475,1,161568178,-73.9705554,40.6915996,20130921
2475,1,161436449,-73.9925,40.6624,20130921
2500,0,161600237,-73.9213909,40.7668984,20130921
2500,0,161582901,-73.9895926,40.7415437,20130921
2500,0,161582618,-74.0066,40.7388,20130921
2500,0,161577334,-73.9647,40.7563,20130921
2500,0,161540663,-74.0022,40.7387,20130921
2500,0,161245685,-73.971,40.7514,20130921
2500,1,161672094,-73.9567071,40.6862568,20130921
2500,1,161670273,-74.0026012,40.7333544,20130921
2500,1,161635410,-73.9808862,40.6757759,20130921
2500,1,161630776,-73.95655,40.68553,20130921
2500,1,161627729,-73.9784,40.7454,20130921
2500,1,161617143,-73.9769269,40.7901944,20130921
2500,1,161616344,-73.9593972,40.7742796,20130921
2500,1,161599998,-73.943468,40.817962,20130921
2500,1,161594603,-73.9480963,40.7163403,20130921
2500,1,161592826,-74.0144627,40.7111636,20130921
2500,1,161582621,-73.926,40.7704,20130921
2500,1,161581755,-74.0275934,40.7485816,20130921
2500,1,161577356,-73.9971,40.7466,20130921
2500,1,161577342,-73.9667,40.8484,20130921
2500,1,161562819,-74.0002019,40.7378694,20130921
2500,1,161550111,-73.9594,40.7811,20130921
2500,1,161550108,-73.948,40.7779,20130921
2500,1,161545352,-74.041403,40.711585,20130921
2500,1,161449858,-73.9533,40.771,20130921
2500,1,161446124,-73.9953,40.7497,20130921
2500,1,161358044,-73.9415,40.7474,20130921
2500,1,161309932,-73.9533,40.786,20130921
2500,1,161299668,-73.9081,40.7669,20130921
2500,1,161263304,-73.9792,40.6512,20130921
2525,0,161577380,-73.9564,40.7481,20130921
2550,0,161577395,-73.9785,40.7462,20130921
2550,1,161693519,-73.9591,40.7678,20130921
2550,1,161663198,-74.038981,40.718582,20130921
2550,1,161638927,-73.980222,40.664552,20130921
2550,1,161627914,-74.0075975,40.7048857,20130921
2550,1,161621631,-73.973249,40.677716,20130921
2550,1,161577398,-73.9785,40.6754,20130921
2550,1,161577385,-73.9286,40.7666,20130921
2550,1,161265835,-73.9592,40.7997,20130921
2550,1,161256037,-73.8797,40.7029,20130921
2575,1,161692388,-73.9466,40.7807,20130921
2575,1,161583811,-73.9445455,40.8219051,20130921
2575,1,161577402,-73.983,40.7752,20130921
2575,1,161469409,-74.0385971,40.7122636,20130921
2600,0,161693501,-73.9965,40.7531,20130921
2600,0,161609182,-73.9547646,40.7205881,20130921
2600,0,161608627,-73.9553458,40.7200571,20130921
2600,0,161483514,-74.010121,40.805777,20130921
2600,1,161672308,-73.9634793,40.6818761,20130921
2600,1,161672307,-73.9634793,40.6818761,20130921
2600,1,161636283,-74.0151843,40.7084816,20130921
2600,1,161636017,-74.005955,40.7080596,20130921
2600,1,161635653,-73.974954,40.6781239,20130921
2600,1,161625293,-73.9138,40.7633,20130921
2600,1,161592972,-73.9653,40.6832,20130921
2600,1,161446040,-73.9839,40.6691,20130921
2600,1,161440563,-73.9495,40.7811,20130921
2600,1,161436361,-73.9779,40.6779,20130921
2600,1,161407062,-74.067702,40.738386,20130921
2600,1,161309896,-73.9995,40.6884,20130921
2600,1,161266003,-73.9625,40.7575,20130921
2625,1,161584299,-74.043725,40.727872,20130921
2625,1,161507221,-74.0395414,40.7167172,20130921
2650,0,161666063,-74.0087,40.7425,20130921
2650,0,161639495,-73.9954843,40.7596437,20130921
2650,0,161599709,-73.9996959,40.7284051,20130921
2650,0,161550129,-73.9642,40.7581,20130921
2650,0,161332590,-74.0035,40.7075,20130921
2650,1,161696819,-73.9874033,40.7358757,20130921
2650,1,161625048,-74.0068164,40.7357242,20130921
2650,1,161577416,-73.9799,40.6899,20130921
2650,1,161577414,-73.969,40.7891,20130921
2650,1,161556100,-74.0033703,40.7355284,20130921
2650,1,161364368,-74.0386207,40.7368318,20130921
2675,1,161638991,-73.953168,40.806407,20130921
2700,0,161566402,-74.0059,40.7081,20130921
2700,0,161565207,-73.9492241,40.6953734,20130921
2700,0,161446041,-73.9766,40.7492,20130921
2700,0,161313093,-73.9963,40.738,20130921
2700,0,161264058,-73.9589,40.7691,20130921
2700,1,161693516,-73.9936,40.7622,20130921
2700,1,161641203,-73.9802,40.7207,20130921
2700,1,161626760,-73.9857742,40.6740003,20130921
2700,1,161618530,-73.9501772,40.7841905,20130921
2700,1,161600061,-73.9537588,40.7794995,20130921
2700,1,161598706,-74.0276106,40.7406483,20130921
2700,1,161588096,-74.0289605,40.7396907,20130921
2700,1,161570051,-74.0014134,40.7344697,20130921
2700,1,161570050,-74.0014134,40.7344697,20130921
2700,1,161566406,-73.9865,40.7651,20130921
2700,1,161566279,-74.0036112,40.7322152,20130921
2700,1,161562963,-73.994046,40.690897,20130921
2700,1,161561342,-73.9943213,40.7321706,20130921
2700,1,161550104,-73.9529,40.7741,20130921
2700,1,161446148,-73.9559,40.7777,20130921
2725,1,161666065,-73.9897,40.7298,20130921
2725,1,161566410,-73.9742,40.7522,20130921
2750,0,161666066,-73.9628,40.7681,20130921
2750,0,161573248,-73.9949049,40.7553062,20130921
2750,0,161566411,-74.002,40.7321,20130921
2750,1,161634748,-73.965576,40.7923509,20130921
2750,1,161618527,-73.97807,40.726625,20130921
2750,1,161596862,-73.9579,40.7695,20130921
2750,1,161555370,-74.0349602,40.7503482,20130921
2750,1,161313161,-73.9995,40.73,20130921
2750,1,161309898,-73.9901,40.6842,20130921
2775,0,161264063,-73.9729,40.7488,20130921
2775,1,161557234,-74.033448,40.736588,20130921
2800,0,161693539,-74.0037,40.7535,20130921
2800,0,161692360,-73.9977,40.6701,20130921
2800,0,161561500,-73.9839,40.7379,20130921
2800,0,161264068,-74.0107,40.7166,20130921
2800,0,161264066,-73.9858,40.7359,20130921
2800,1,161693461,-73.9621,40.7657,20130921
2800,1,161671898,-73.946818,40.679485,20130921
2800,1,161663281,-73.9975,40.7335,20130921
2800,1,161609435,-73.9825252,40.7232333,20130921
2800,1,161601740,-73.9917938,40.7646884,20130921
2800,1,161592071,-74.000371,40.682133,20130921
2800,1,161587304,-73.991698,40.764245,20130921
2800,1,161561535,-73.9559,40.7778,20130921
2800,1,161561520,-74.0014,40.6829,20130921
2800,1,161558522,-74.0019413,40.7245297,20130921
2800,1,161540766,-73.9903,40.7434,20130921
2800,1,161449846,-73.9578,40.7636,20130921
2800,1,161424505,-74.0257666,40.7544262,20130921
2800,1,161378262,-74.0355958,40.7411825,20130921
2800,1,161264072,-74.0108,40.716,20130921
2800,1,161264071,-73.9729,40.7983,20130921
2800,1,161245688,-74.0032,40.7441,20130921
2850,0,161666070,-73.976,40.7656,20130921
2850,0,161263307,-73.9858,40.7692,20130921
2850,1,161654474,-74.0095842,40.7103248,20130921
2850,1,161561468,-73.9793,40.6601,20130921
2850,1,161561460,-73.9564,40.7671,20130921
2850,1,161264076,-74.0174,40.7081,20130921
2850,1,161264075,-73.9724,40.7474,20130921
2875,0,161585670,-73.940677,40.713946,20130921
2875,1,161641175,-73.9563,40.7461,20130921
2900,0,161561549,-74.0166,40.7049,20130921
2900,0,161540795,-74.0074,40.7482,20130921
2900,0,161263345,-73.9408,40.7135,20130921
2900,0,161263312,-74.0172,40.7097,20130921
2900,1,161694932,-73.9451,40.7786,20130921
2900,1,161693486,-73.9874,40.7554,20130921
2900,1,161692203,-73.9840123,40.7293534,20130921
2900,1,161666071,-73.9465,40.7655,20130921
2900,1,161664650,-73.9714,40.6713,20130921
2900,1,161659832,-73.9718,40.6717,20130921
2900,1,161569851,-73.958056,40.745336,20130921
2900,1,161561570,-73.9528,40.7919,20130921
2900,1,161263346,-73.971,40.7991,20130921
2925,1,161606032,-73.987189,40.748122,20130921
2925,1,161588086,-74.0250685,40.7530729,20130921
2925,1,161512381,-73.9936515,40.7540686,20130921
2950,1,161694874,-73.9873,40.7495,20130921
2950,1,161693475,-73.9799,40.6731,20130921
2950,1,161596884,-73.9598,40.7771,20130921
2950,1,161561581,-73.9567,40.7466,20130921
2950,1,161368543,-73.9568,40.7466,20130921
3000,0,161666074,-74.0055,40.7369,20130921
3000,0,161658237,-73.9863,40.7624,20130921
3000,0,161561599,-73.9821,40.744,20130921
3000,1,161639033,-73.956841,40.686996,20130921
3000,1,161632955,-73.9539643,40.7788161,20130921
3000,1,161602892,-73.96118,40.719426,20130921
3000,1,161563030,-74.001687,40.743197,20130921
3000,1,161561605,-73.992,40.6867,20130921
3000,1,161561594,-73.953,40.7119,20130921
3000,1,161558819,-73.9881446,40.7319508,20130921
3000,1,161556689,-73.9876887,40.7325835,20130921
3000,1,161550123,-73.946,40.7776,20130921
3000,1,161449851,-74.0175,40.7072,20130921
3000,1,161364413,-74.0364413,40.7384249,20130921
3000,1,161315768,-73.9973,40.6779,20130921
3000,1,161309881,-73.9957,40.7441,20130921
3000,1,161263367,-73.9511,40.7452,20130921
3000,1,161263328,-73.9481,40.7283,20130921
3025,1,161561621,-73.967,40.7885,20130921
3050,1,161436454,-73.9537,40.743,20130921
3075,1,161692444,-73.986,40.7523,20130921
3075,1,161690885,-74.0161,40.7111,20130921
3075,1,161263330,-73.9804,40.7369,20130921
3100,0,161664713,-73.9967,40.7329,20130921
3100,0,161556288,-73.9923,40.7302,20130921
3100,0,161263335,-73.9732,40.7936,20130921
3100,1,161675419,-73.997036,40.688501,20130921
3100,1,161651345,-73.9807615,40.7338178,20130921
3100,1,161644419,-73.991777,40.6941,20130921
3100,1,161641169,-73.9743,40.79,20130921
3100,1,161613937,-74.0064005,40.7095773,20130921
3100,1,161603296,-73.9813905,40.6899307,20130921
3100,1,161579575,-73.980327,40.7344133,20130921
3100,1,161556284,-73.9589,40.7158,20130921
3100,1,161477948,-74.0247318,40.754206,20130921
3125,1,161671256,-73.9937335,40.7622578,20130921
3125,1,161362837,-73.9917,40.6908,20130921
3150,0,161586051,-73.9948772,40.7419305,20130921
3150,1,161632788,-74.005849,40.7074703,20130921
3150,1,161632787,-74.005849,40.7074703,20130921
3150,1,161614256,-74.0247621,40.7496128,20130921
3175,1,161689820,-73.9916,40.7663,20130921
3200,0,161643197,-73.9912918,40.7451737,20130921
3200,0,161309960,-73.9613,40.7751,20130921
3200,1,161695828,-73.9777306,40.7422539,20130921
3200,1,161677776,-73.9923561,40.6896809,20130921
3200,1,161664677,-73.9926,40.69,20130921
3200,1,161637080,-73.9817567,40.7407178,20130921
3200,1,161627766,-73.9806,40.744,20130921
3200,1,161609397,-73.9813051,40.7413335,20130921
3200,1,161593528,-74.0073852,40.7071907,20130921
3200,1,161556580,-73.949,40.7814,20130921
3200,1,161332588,-74.0062,40.7063,20130921
3200,1,161262620,-73.9998,40.7615,20130921
3200,1,161262554,-73.9527,40.7782,20130921
3250,0,161262559,-73.9811,40.7673,20130921
3250,1,161641244,-73.9782,40.7416,20130921
3250,1,161636284,-73.9961584,40.7593166,20130921
3250,1,161614404,-73.9547646,40.7205881,20130921
3250,1,161611284,-73.9536121,40.7752921,20130921
3250,1,161556340,-73.9962,40.7593,20130921
3250,1,161264822,-74.0015,40.7392,20130921
3250,1,161262561,-73.9761,40.7774,20130921
3250,1,161262558,-73.9931,40.6864,20130921
3300,0,161664719,-73.9891,40.7293,20130921
3300,0,161603100,-73.9811689,40.7818015,20130921
3300,0,161556347,-73.9986,40.761,20130921
3300,0,161347091,-73.9924,40.6589,20130921
3300,0,161262565,-73.9931,40.7591,20130921
3300,1,161692335,-73.9868,40.7453,20130921
3300,1,161666080,-74.0087,40.7415,20130921
3300,1,161658674,-73.9973228,40.7193025,20130921
3300,1,161612564,-73.9900992,40.7408679,20130921
3300,1,161285999,-73.9523,40.772,20130921
3300,1,161262562,-74.008,40.7075,20130921
3325,1,161689788,-73.9805,40.6811,20130921
3350,1,161693471,-73.9761,40.7444,20130921
3350,1,161449916,-73.9885,40.7657,20130921
3350,1,161362834,-73.9922,40.6893,20130921
3375,0,161556379,-73.9994,40.7423,20130921
3375,1,161362839,-73.9931,40.6889,20130921
3375,1,161256041,-73.9885,40.7888,20130921
3400,0,161556384,-73.9932,40.7553,20130921
3400,1,161689748,-73.9831,40.7388,20130921
3400,1,161666081,-74.0062,40.7398,20130921
3400,1,161646659,-73.9941,40.6899,20130921
3400,1,161556385,-74.0005,40.7478,20130921
3400,1,161449899,-73.9784,40.7448,20130921
3400,1,161260111,-73.9823,40.7221,20130921
3400,1,161260108,-73.9647,40.793,20130921
3450,0,161693474,-73.9901,40.7323,20130921
3450,1,161662709,-73.978095,40.765807,20130921
3450,1,161556524,-73.9509,40.7189,20130921
3475,1,161633162,-73.9445233,40.7054501,20130921
3500,0,161627845,-73.948,40.8013,20130921
3500,0,161593133,-73.9481,40.8011,20130921
3500,0,161548661,-73.9772,40.7863,20130921
3500,0,161358067,-73.9882,40.7257,20130921
3500,0,161260117,-73.9936,40.7327,20130921
3500,1,161693533,-74.0016,40.7308,20130921
3500,1,161677804,-73.9936739,40.7430397,20130921
3500,1,161670618,-73.972125,40.674185,20130921
3500,1,161641218,-73.9808,40.7426,20130921
3500,1,161641195,-73.9787,40.7454,20130921
3500,1,161637106,-74.0051379,40.7318183,20130921
3500,1,161626120,-74.0042842,40.7333948,20130921
3500,1,161609919,-73.9948114,40.7232139,20130921
3500,1,161603130,-73.9949261,40.7230063,20130921
3500,1,161558932,-74.0401839,40.7117771,20130921
3500,1,161548662,-73.9727,40.7877,20130921
3500,1,161309980,-74.05,40.7289,20130921
3500,1,161285022,-73.9707,40.7765,20130921
3500,1,161260157,-73.9818,40.7757,20130921
3500,1,161260156,-74.0048,40.7405,20130921
3500,1,161260118,-73.9608,40.7673,20130921
3550,1,161316379,-74.0159,40.7173,20130921
3575,1,161664649,-73.9896,40.7033,20130921
3600,1,161692458,-74.0038,40.7325,20130921
3600,1,161637133,-73.9941774,40.7226818,20130921
3600,1,161548680,-73.9699,40.7614,20130921
3600,1,161449881,-73.9838,40.7697,20130921
3600,1,161260131,-73.9864,40.7042,20130921
3600,1,161260130,-74.0015,40.7366,20130921
3600,1,161260125,-74.0146,40.7179,20130921
3650,1,161666086,-73.9747,40.7588,20130921
3650,1,161664651,-73.9585,40.705,20130921
3650,1,161548683,-73.9789,40.7366,20130921
3650,1,161546129,-73.9859,40.7621,20130921
3675,1,161599708,-74.030589,40.71933,20130921
3700,0,161664734,-74.0303,40.7505,20130921
3700,1,161664654,-73.9516,40.7138,20130921
3700,1,161661446,-73.9735718,40.7897461,20130921
3700,1,161641183,-73.9798,40.7464,20130921
3700,1,161641179,-74.0041,40.7163,20130921
3700,1,161600124,-74.0292353,40.7387103,20130921
3700,1,161596920,-73.984,40.7454,20130921
3750,1,161641177,-74.0046,40.7073,20130921
3750,1,161563642,-73.9982757,40.735378,20130921
3750,1,161493326,-73.9896,40.7029,20130921
3750,1,161362816,-73.9845,40.703,20130921
3775,1,161577883,-74.0330907,40.7161048,20130921
3775,1,161511924,-74.0344188,40.7290288,20130921
3775,1,161261762,-73.989,40.7438,20130921
3800,1,161641187,-73.9783,40.7633,20130921
3800,1,161641171,-73.9613,40.7625,20130921
3850,1,161641189,-73.9934,40.7245,20130921
3850,1,161493330,-73.9895,40.7036,20130921
3850,1,161259067,-73.982,40.7784,20130921
3900,1,161309895,-73.9896,40.7036,20130921
3925,1,161493329,-73.9896,40.7032,20130921
3975,1,161597558,-73.9949838,40.7446097,20130921
4000,1,161662166,-73.996267,40.682004,20130921
4000,1,161640943,-74.007538,40.7328666,20130921
4000,1,161636647,-74.0045951,40.7339987,20130921
4000,1,161634307,-73.9907,40.7569,20130921
4000,1,161550124,-73.9654,40.7583,20130921
4000,1,161259079,-73.9611,40.7689,20130921
4050,0,161640154,-74.0100157,40.7051631,20130921
4050,1,161693528,-73.9864,40.7304,20130921
4050,1,161449889,-73.9934,40.7301,20130921
4100,1,161353606,-73.977,40.7654,20130921
4150,1,161362819,-73.985,40.7031,20130921
4200,1,161593508,-73.9912918,40.7451737,20130921
4200,1,161259089,-73.9873,40.7389,20130921
4200,1,161259088,-73.9876,40.7716,20130921
4250,1,161664655,-73.9517,40.7136,20130921
4300,1,161449893,-74.0085,40.738,20130921
4400,1,161664745,-73.9946,40.7338,20130921
4400,1,161664744,-73.9733,40.6776,20130921
4500,1,161641174,-74.0078,40.7323,20130921
4500,1,161641170,-74.0028,40.7295,20130921
4500,1,161641168,-73.9566,40.7706,20130921
4500,1,161547215,-73.9871,40.7393,20130921
4500,1,161316385,-74.006,40.7079,20130921
4500,1,161257464,-73.9725,40.755,20130921
4650,0,161593640,-73.942943,40.7276619,20130921
4650,1,161644126,-73.9924238,40.7305773,20130921
4650,1,161314906,-73.9581,40.7756,20130921
4700,1,161664751,-73.9962,40.7484,20130921
4700,1,161664656,-73.9518,40.7135,20130921
4700,1,161435583,-74.0004,40.7336,20130921
4850,1,161310051,-73.9512,40.7239,20130921
5000,1,161627747,-73.9909,40.7397,20130921
5000,1,161536908,-73.9675,40.7525,20130921
5000,1,161536897,-73.9919,40.7641,20130921
5350,1,161307415,-73.9945,40.7592,20130921
5425,1,161523469,-73.9881,40.7323,20130921
5450,1,161536944,-73.9757,40.7652,20130921
5500,1,161693509,-73.9695,40.7691,20130921
5750,0,161563652,-74.0070872,40.7160014,20130921
5750,0,161536972,-74.007,40.7157,20130921
6000,0,161612908,-74.007409,40.835105,20130921
6000,0,161573646,-74.0020125,40.725526,20130921
6000,0,161256749,-73.9935,40.7341,20130921
6000,0,161255975,-73.979,40.7916,20130921
6000,1,161694942,-74.0088,40.7123,20130921
6000,1,161676127,-73.9872,40.7333,20130921
6000,1,161641181,-73.9981,40.735,20130921
6000,1,161627847,-74.0047,40.7334,20130921
6000,1,161529253,-73.9969,40.7427,20130921
6000,1,161265609,-74.0036,40.7239,20130921
6000,1,161256759,-74.0059,40.7234,20130921
6000,1,161256756,-73.9964,40.7208,20130921
6000,1,161247249,-73.9777,40.7882,20130921
